"Customweb_Subscription::%s %s cycle","%s %s Zyklus"
"Customweb_Subscription::-- Please Select --","-- Bitte wählen --"
"Customweb_Subscription::3D Secure","3D Secure"
"Customweb_Subscription::3D Secure Authentication","3D Secure Authentifikation"
"Customweb_Subscription::3D Secure failed","3D Secure ist fehlgeschlagen."
"Customweb_Subscription::3D Secure sucess","3D Secure erfolgreich"
"Customweb_Subscription::<span class=""card-expiry-format-note"">The expected format is '!format' where the 'MM' means the month number and 'YY' the year number.</span>","<span class=""card-expiry-format-note"">Das Ablaufdatumsformat ist '!format', wobei 'MM' für den Monat steht und 'YY' für das Jahr.</span>"
"Customweb_Subscription::A authorized transaction cannot be authorized again.","Eine autorisierte Transaktion kann nicht noch einmal autorisiert werden."
"Customweb_Subscription::A authorized transaction cannot be marked as failed.","Eine autorisierte Transaktion kann nicht als fehlgeschlagen markiert werden."
"Customweb_Subscription::A cancelled transaction cannot be authorized.","Eine stornierte Transaktion kann nicht autorisiert werden."
"Customweb_Subscription::A cancelled transaction cannot be cancelled again.","Eine stornierte Transaktion kann nicht noch einmal storniert werden."
"Customweb_Subscription::A cancelled transaction cannot be captured.","Eine stornierte Transaktion kann nicht verbucht werden."
"Customweb_Subscription::A cancelled transaction cannot be marked as failed.","Eine stornierte Transaktion kann nicht als fehlgeschlagen markiert werden."
"Customweb_Subscription::A cancelled transaction cannot be refunded.","Eine stornierte Transaktion kann nicht gutgeschrieben werden."
"Customweb_Subscription::A captured transaction cannot be authorized.","Eine gebuchte Transaktion kann nicht autorisiert werden."
"Customweb_Subscription::A captured transaction cannot be cancelled.","Eine gebuchte Transaktion kann nicht storniert werden."
"Customweb_Subscription::A captured transaction cannot be marked as failed.","Eine verbuchte Transaktion kann nicht als fehlgeschlagen markiert werden."
"Customweb_Subscription::A failed authorization cannot be authorized.","Eine fehlgeschlagene Transaktion kann nicht autorisiert werden."
"Customweb_Subscription::A refund was added over !amount.","Eine Gutschrift über '!amount' wurde hinzugefügt."
"Customweb_Subscription::A transaction may be uncertain, when the payment is not guaranteed. For example in case the credit card does not participate in the 3D procedure.","Eine Transaktion kann unsicher sein wenn die Bezahlung nicht garantiert ist. Zum Beispiel wenn die Kreditkarte nicht Teil des 3D Secure Prozesses ist."
"Customweb_Subscription::About","Über"
"Customweb_Subscription::About This Subscription:","Über dieses Abo:"
"Customweb_Subscription::Account Holder Name","Kontoinhaber"
"Customweb_Subscription::Account owner name.","Kontoinhaber"
"Customweb_Subscription::Action","Aktion"
"Customweb_Subscription::Activate","Aktiv"
"Customweb_Subscription::Active","Aktiv"
"Customweb_Subscription::Add","Hinzufügen"
"Customweb_Subscription::After %s more cycle(s)","Nach %s weiteren Durchgängen"
"Customweb_Subscription::Agreement Checkbox Text","Einwilligungs-Checkbox-Text"
"Customweb_Subscription::Agreement Text","Einwilligungs-Text"
"Customweb_Subscription::Agreement Title","Einwilligungs-Titel"
"Customweb_Subscription::Alias","Alias"
"Customweb_Subscription::All subscriptions are up to date.","Alle Abos sind aktuell."
"Customweb_Subscription::Allow Guest Subscriptions","Gast-Abos erlauben"
"Customweb_Subscription::American Express","American Express"
"Customweb_Subscription::Apply Subscription","Abo anwenden"
"Customweb_Subscription::Are you sure you want to authorize this subscription?","Möchten Sie dieses Abo wirklich autorisieren?"
"Customweb_Subscription::Are you sure you want to cancel this subscription?","Möchten Sie dieses Abo wirklich kündigen?"
"Customweb_Subscription::Are you sure you want to capture this subscription?","Möchten Sie dieses Abo wirklich verbuchen?"
"Customweb_Subscription::Are you sure you want to permanently delete this subscription?","Möchten Sie dieses Abo wirklich unwiderruflich löschen?"
"Customweb_Subscription::Are you sure?","Sind Sie sicher?"
"Customweb_Subscription::Attrib. Set Name","Attribut Setname"
"Customweb_Subscription::Author","Autor"
"Customweb_Subscription::Authorization Amount","Autorisierungsbetrag"
"Customweb_Subscription::Authorization Failed","Autorisierung fehlgeschlagen"
"Customweb_Subscription::Authorization Method","Autorisierungsmethode"
"Customweb_Subscription::Authorize next cycle","Nächsten Zyklus autorisieren"
"Customweb_Subscription::Authorized","Autorisiert"
"Customweb_Subscription::Authorized Status","Autorisationsstatus"
"Customweb_Subscription::Awaiting confirmation","Warten auf die Bestätigung"
"Customweb_Subscription::BIC","BIC"
"Customweb_Subscription::Back","Zurück"
"Customweb_Subscription::Back to Subscriptions","Zurück zu den Abos"
"Customweb_Subscription::Bad signature format.","Das Format der Signatur ist fehlerhaft"
"Customweb_Subscription::Bank Location","Bank Standort"
"Customweb_Subscription::Bank Name","Name der Bank"
"Customweb_Subscription::Bank account number","Bankkonto"
"Customweb_Subscription::Bank code number","Bankcodenummer"
"Customweb_Subscription::Bill to Name","Rechnung an"
"Customweb_Subscription::Billing Address","Rechnungsadresse"
"Customweb_Subscription::Billing Amount","Rechnungsbetrag"
"Customweb_Subscription::Billing Frequency","Abrechnungshäufigkeit"
"Customweb_Subscription::Billing Information","Rechnungsinformationen"
"Customweb_Subscription::Billing Period","Abrechnungsperiode"
"Customweb_Subscription::Billing Period Unit","Einheit der Rechnungsperiode"
"Customweb_Subscription::Billing address","Rechnungsadresse"
"Customweb_Subscription::Brand Name","Markenname"
"Customweb_Subscription::By setting the capturing the reservation can be captured directly after the order or later manually over the backend of the store.","Mit den Einstellungen zur Verbuchung kann eine Reservierung entweder direkt nach der Bestellung oder nachträglich im Backend des Shops verbucht werden."
"Customweb_Subscription::CVC Code","CVC Code"
"Customweb_Subscription::Calculate Price","Preis berechnen"
"Customweb_Subscription::Calculated Price","Berechneter Preis"
"Customweb_Subscription::Can Customer Suspend","Aufschiebbar durch Kunde"
"Customweb_Subscription::Cancel","Stornieren"
"Customweb_Subscription::Cancel ID","Stornierungs ID"
"Customweb_Subscription::Cancel Subscription","Abo kündigen"
"Customweb_Subscription::Cancel status","Stornierungsstatus"
"Customweb_Subscription::Cancelation Email Template","E-Mail-Vorlage für Kündigung"
"Customweb_Subscription::Cancelation Request Email Template","E-Mail-Vorlage für Kündigungs-Anfrage"
"Customweb_Subscription::Cancelation Requested","Kündigung beantragt"
"Customweb_Subscription::Cancelation Requested At","Kündigung angefragt am"
"Customweb_Subscription::Canceled","Storniert"
"Customweb_Subscription::Cancelled Status","Status für abgebrochene Bestellungen"
"Customweb_Subscription::Cannot apply the subscription plan.","Der Abo-Plan kann nicht angewendet werden."
"Customweb_Subscription::Cannot get the subscription instance.","Die Abo-Instanz konnte nicht erreicht werden."
"Customweb_Subscription::Capture","Verbuchung"
"Customweb_Subscription::Capture Amount","Buchungsbetrag"
"Customweb_Subscription::Capture ID","Buchungs ID"
"Customweb_Subscription::Capture amount","Verbuchungsbetrag"
"Customweb_Subscription::Capture status","Verbuchungsstatus"
"Customweb_Subscription::Captured","Verbucht"
"Customweb_Subscription::Captured Amount","Verbuchter Betrag"
"Customweb_Subscription::Captured Status","Verbuchungsstatus"
"Customweb_Subscription::Capturing","Verbuchung"
"Customweb_Subscription::Card Expiration","Kartenablaufdatum"
"Customweb_Subscription::Card Holder Name","Karteninhaber"
"Customweb_Subscription::Card Number","Kartennummer"
"Customweb_Subscription::Cart Subscriptions","Warenkorb Abos"
"Customweb_Subscription::Change","Ändern"
"Customweb_Subscription::Change Subscription","Abo ändern"
"Customweb_Subscription::Change status","Status ändern"
"Customweb_Subscription::Check to activate the external checkout.","Markieren Sie dieses Feld um den externen Checkout zu aktivieren."
"Customweb_Subscription::Checkout Settings","Zur Kasse Einstellungen"
"Customweb_Subscription::Choose settlement after order in case you want an invoice to be created with your oder.","Wählen Sie 'Erstellung nach Bestellung' falls Sie möchten, dass eine Rechung zu Ihrer Bestellung generiert wird."
"Customweb_Subscription::Choose settlement after order in case you want an invoice to be created with your order.","Wählen Sie Zahlung nach der Bestellung aus, wenn Sie eine Rechnung zur Bestellung erstellen wollen."
"Customweb_Subscription::Company Commercial Number","Handelsregisternummer der Firma"
"Customweb_Subscription::Could not convert object of type '!type' to string.","Konvertierung eines Objektes vom Typ '!type' ist fehlgeschlagen."
"Customweb_Subscription::Could not find a brand for the given card number.","Es konnte keinen Brand für die gegebene Karte gefunden werden."
"Customweb_Subscription::Could not find template file at default location '!location'.","Konnte kein Template auf dem Standard Pfad unter '!location' finden."
"Customweb_Subscription::Could not find the payment method !paymentMethodName.","Zahlungsmethode '!paymentMethodName' konnte nicht gefunden werden."
"Customweb_Subscription::Could not load layout from URL !url. Reason: !reason","Das Layout konnte nicht von !url geladen werden. Grund: !reason"
"Customweb_Subscription::Create a recurring payment, with an existing alias is not supported","Mit einem existierenden Alias ist die Erstellung einer wiederkehrenden Zahlung nicht möglich."
"Customweb_Subscription::Credit Card Brands","Kreditkartenbrand"
"Customweb_Subscription::Currency","Währung"
"Customweb_Subscription::Customer Name","Name des Kunden"
"Customweb_Subscription::Customer name","Name des Kunden"
"Customweb_Subscription::Customer sucessfully returned from the ____ModuleCamel____ payment page.","Der Kunde ist erfolgreich von der ____ModuleCamel____ Payment Page zurückgekehrt."
"Customweb_Subscription::Date","Datum"
"Customweb_Subscription::Date of Birth","Geburtsdatum"
"Customweb_Subscription::Day","Tag"
"Customweb_Subscription::Days Before Due Date","Tage vor Fälligkeit"
"Customweb_Subscription::Deactivate","Deaktivieren"
"Customweb_Subscription::Dear customer, it appears to us that your payment was successful, but we are still waiting for confirmation. You can wait on this page and we will redirect you after we received the confirmation. Or you can close this window and we will send out an order confirmation email.","Sehr geehrter Kunde, es scheint, dass Ihre Zahlung erfolgreich war, aber wir warten immer noch auf eine Bestätigung. Sie können auf dieser Seite warten, und wir leiten Sie weiter nachdem wir die Bestätigung erhalten haben. Oder Sie können dieses Fenster schliessen und wir senden Ihnen eine Auftragsbestätigung später per Email."
"Customweb_Subscription::Deferred (authorization)","Verzögert (Autorisierung)"
"Customweb_Subscription::Define a fee or a discount (negative value) that is added to or subtracted from the initial payment.","Legen Sie eine Gebühr oder einen Rabatt fest (negativer Wert), welcher dann der ursprünglichen Zahlung hinzu- oder abgezählt wird."
"Customweb_Subscription::Define a maximal order total for this checkout to be available.","Definieren Sie einen Maximalbestellwert für den Checkout."
"Customweb_Subscription::Define a minimal order total for this checkout to be available.","Definieren Sie einen Mindestbestellwert, der erreicht werden muss um den Checkout verfügbar zu machen."
"Customweb_Subscription::Define if a customer can purchase a subscription as guest.","Geben Sie an, ob Gäste Abos abschliessen können."
"Customweb_Subscription::Define the amount of time relative to the due date after which the invoice has to be paid. This is the period for customers to pay orders that use a payment method that does not support creation of token or in the case of invoice payments. It is also the period for the merchant in case of deferred capturing to capture the payment. Otherwise the payments will fail.","Legen Sie die Dauer relativ zur Frist, bis zu der die Rechnung bezahlt werden soll, fest. In diesem Zeitraum müssen Kunden, die eine Zahlungsmethode benutzen, die Token Creation nicht unterstützt oder die per Rechnung zahlen, die Rechnung begleichen. Innerhalb dieser Frist muss bei verzögerter Buchung auch die Zahlung durch den Händler verbucht werden, ansonsten gilt die Zahlung als fehlgeschlagen."
"Customweb_Subscription::Define the order of the plans in the dropdown.","Legen Sie im Dropdown die Reihenfolge der Pläne fest."
"Customweb_Subscription::Define the sort order of the cart plans in the dropdown.","Legen Sie im Dropdown die Reihenfolge der Pläne fest."
"Customweb_Subscription::Delete","Löschen"
"Customweb_Subscription::Describe the schedule and subscription. The value of this field is used for configurable product options.","Beschreiben Sie den Plan und die Subscription. Diese Eingaben können dann für konfigurierbare Produkt-Optionen benutzt werden."
"Customweb_Subscription::Describe the subscription and schedule. The value of this field is used for configurable product options.","Beschreiben Sie den Plan und die Subscription. Diese Eingaben können dann für konfigurierbare Produkt-Optionen benutzt werden."
"Customweb_Subscription::Describe the subscription cart plan. This value is used on the cart page in the subscription cart plan dropdown and to describe the subscription.","Beschreiben Sie das Warenkorb Abo. Der Wert wird auf der Warenkorb-Seite im Dropdown benutzt um das Abo genau zu beschreiben."
"Customweb_Subscription::Describe the subscription plan. This value is used on the cart page in the subscription plan dropdown and to describe the subscription.","Beschreiben Sie den Abo-Plan. Dieser wird dann auf der Warenkorb Seite im Dropdown für Abo-Pläne angezeigt."
"Customweb_Subscription::Description","Beschreibung die dem Kunden im Checkout angezeigt wird."
"Customweb_Subscription::Diners Club","Diners Club"
"Customweb_Subscription::Direct Debits","Lastschrift"
"Customweb_Subscription::Direct E-Banking","Sofortüberweisung"
"Customweb_Subscription::Directly after order (sale)","Direkte Buchung nach der Bestellung"
"Customweb_Subscription::Discount Amount","Rabattbetrag"
"Customweb_Subscription::Do you really want to cancel this subscription?","Möchten Sie dieses Abo wirklich kündigen?"
"Customweb_Subscription::Do you really want to suspend this subscription?","Möchten Sie dieses Abo wirklich aufschieben?"
"Customweb_Subscription::Don't change order status","Bestellstatus nicht verändern."
"Customweb_Subscription::Edit","Bearbeiten"
"Customweb_Subscription::Email Sender","E-Mail-Absender"
"Customweb_Subscription::Email Settings","E-Mail Einstellungen"
"Customweb_Subscription::Email Template","E-Mail-Vorlage"
"Customweb_Subscription::Enable Agreement","AGB Feld aktivieren"
"Customweb_Subscription::Enable Cart Subscriptions","Warenkorb-Abos erlauben"
"Customweb_Subscription::Enable Subscription","Abo aktivieren"
"Customweb_Subscription::Enable Test Mode","Test-Modus aktivieren"
"Customweb_Subscription::Enable the payment method","Diese Zahlungsmethode aktivieren"
"Customweb_Subscription::Enabled","Aktiviert"
"Customweb_Subscription::Enter a Starting Date (Format: yyyy-mm-dd) to simulate the recurring orders. If the test cron is activated the recurring orders will be simulated starting from the day entered above.","Geben Sie das Start-Datum (Format: jjjj-mm-tt) zum Simulieren der wiederkehrenden Bestellungen ein. Falls der Test-Cron aktiviert ist, so wird dieses Datum verwendet zur Simulation."
"Customweb_Subscription::Enter the date on which your card expires.","Geben Sie das Ablaufdatum der Karte ein."
"Customweb_Subscription::Enter the number of days this payment attempt should take place before the actual due date of the subscription.","Geben Sie die Anzahl Tage vor Ablauf des Fälligkeitsdatum an, an dem die Zahlung autorisiert werden soll."
"Customweb_Subscription::Enter when this reminder email should be sent before the actual due date of the subscription. This has to be a number.","Geben Sie ein, zu welchem Zeitpunkt vor dem Fälligkeitsdatum die Erinnerungsnachricht versendet werden soll."
"Customweb_Subscription::Equals initial order","Gleich wie die initiale Bestellung"
"Customweb_Subscription::Error with the length of the validation date.","Bitte kontrollieren Sie das Gültigkeitsdatum."
"Customweb_Subscription::Excl. Tax","Exkl. Steuern"
"Customweb_Subscription::Expired","Abgelaufen"
"Customweb_Subscription::External Checkout","Externer Checkout"
"Customweb_Subscription::Failed","Fehlgeschlagen"
"Customweb_Subscription::Failed to delete the subscriptions.","Das Abo konnte nicht gelöscht werden."
"Customweb_Subscription::Failed to update the subscription.","Aktualisierung des Abos fehlgeschlagen"
"Customweb_Subscription::Failed to update the subscriptions.","Aktualisierung des Abos fehlgeschlagen"
"Customweb_Subscription::Failure Email Template","E-Mail-Vorlage bei fehlgeschlagener Bestellung"
"Customweb_Subscription::Figure !number:","Abbildung !number:"
"Customweb_Subscription::Fixed Shipping","Fixe Versandkosten"
"Customweb_Subscription::G.T. (Base)","Gesamttotal (Basis)"
"Customweb_Subscription::G.T. (Purchased)","Gesamttotal (gekauft)"
"Customweb_Subscription::General Settings","Basiseinstellungen"
"Customweb_Subscription::Guest Order Email Template","E-Mail-Vorlage für Gast-Bestellung"
"Customweb_Subscription::Here you can insert an order prefix. The prefix allows you to change the order number that is transmitted to Authorize.net. The prefix must contain the tag {id}. It will then be replaced by the order number (e.g. name_{id}).","Hier können Sie einen Bestellpräfix eingeben. Der Präfix erlaubt es Ihnen, die Bestellnummer, die an ____paymentServiceProviderName____ übermittelt wird, zu verändern. Der Präfix muss den Tag {id} enthalten. Dieser wird anschliessend durch die Bestellnummer ersetzt (z.B. name_{id})."
"Customweb_Subscription::Hour","Hour"
"Customweb_Subscription::IBAN","IBAN"
"Customweb_Subscription::IBAN number","Bankkonto"
"Customweb_Subscription::ID","ID"
"Customweb_Subscription::If enabled, the customer has to agree to the subscription in the checkout review. In order for this to work, you have to enable Terms and Conditions in the Checkout config tab.","Wenn Sie diese Option aktivieren, so muss den Kunde in der Bestellübersicht dem Abo zustimmen. Damit dies funktioniert, muss unter Zur Kasse die Option Enable Terms and Conditions aktiviert sein."
"Customweb_Subscription::If it is not applicable leave the field empty.","Falls nicht zutreffend, lassen Sie dieses Feld leer."
"Customweb_Subscription::If the status is 'Pending' it is unclear whether the transaction will be cancelled successfully.","Wenn der Status 'Ausstehend' ist, dann ist unklar ob die Transaktion erfolgreich storniert wurde."
"Customweb_Subscription::If the status is 'Pending' it is unclear whether the transaction will be captured successfully.","Wenn der Status 'Ausstehend' ist, dann ist unklar ob die Verbuchung erfolgreich war."
"Customweb_Subscription::If the status is 'Pending' it is unclear whether the transaction will be refunded successfully.","Wenn der Status 'Ausstehend' ist, dann ist es unklar, ob die Gutschrift erfolgreich war."
"Customweb_Subscription::If the test mode is selected the test account is used. Otherwise the configured account is used.","Dieser Account wird benutzt, wenn der Testmodus ausgewählt ist. Andernfalls wird der konfigurierte Account benutzt."
"Customweb_Subscription::If you have any issues with the module please feel free to contact us. See our <a href='https://www.sellxed.com/en/support' target='_blank'>support page</a> for more information.","Zögern Sie nicht, uns zu kontaktieren falls Sie ein Problem mit dem Modul haben. Auf unserer <a href='https://www.sellxed.com/de/support' target='_blank'>Support Seite</a> finden Sie weitere Informationen."
"Customweb_Subscription::Image Brand Selection","Auswahl des Kartenlogos"
"Customweb_Subscription::In Stock","Auf Lager"
"Customweb_Subscription::In case you selected a fixed shipping type, enter the shipping costs above.","Falls Sie einen fixen Versandkostenbetrag gewählt haben, dann geben Sie bitte oben die Versandkosten ein."
"Customweb_Subscription::Inactive","Inaktiv"
"Customweb_Subscription::Incl. Tax","Inkl. Tax"
"Customweb_Subscription::Information","Information"
"Customweb_Subscription::Initial Discount","Initialer Rabatt"
"Customweb_Subscription::Initial Fee","Initial Gebühr"
"Customweb_Subscription::Initial Fee/Discount","Initiale Betrag/Rabatt"
"Customweb_Subscription::Initial Subscription Discount","Initialer Abo-Rabatt"
"Customweb_Subscription::Initial Subscription Fee","Initiale Abo-Gebühr"
"Customweb_Subscription::Invalid parent block for this block.","Ungültiger parent block für diesen block."
"Customweb_Subscription::Invoice Settlement","Verbuchung der Rechnung"
"Customweb_Subscription::Invoice settlement","Rechungserstellung"
"Customweb_Subscription::Is the customer allowed to suspend the subscription?","Ist es dem Kunden erlaubt, das Abo aufzuschieben?"
"Customweb_Subscription::Issue Number","Ausgabekartennummer"
"Customweb_Subscription::Item","Artikel"
"Customweb_Subscription::JCB","JCB"
"Customweb_Subscription::Last Billed","Zuletzt in Rechnung gestellt"
"Customweb_Subscription::Live HMAC Key","Live HMAC Key"
"Customweb_Subscription::Live Identifier (PBX_IDENTIFIANT)","Live Identifier (PBX_IDENTIFIANT)"
"Customweb_Subscription::Live Mode","Live Modus"
"Customweb_Subscription::Live Password","Live Passwort"
"Customweb_Subscription::Live Rang (PBX_RANG)","Live Rang"
"Customweb_Subscription::Live Site ID (PBX_SITE)","Live Site ID (PBX_SITE)"
"Customweb_Subscription::MasterCard","MasterCard"
"Customweb_Subscription::Maximum Billing Cycles","Maximale Rechnungszyklen"
"Customweb_Subscription::Maximum Order Total","Maximales Bestelltotal"
"Customweb_Subscription::Minimum Order Total","Minimales Bestelltotal"
"Customweb_Subscription::Minute","Minute"
"Customweb_Subscription::Month","Monat"
"Customweb_Subscription::My Subscriptions","Meine Abos"
"Customweb_Subscription::Name","Name"
"Customweb_Subscription::Name in %s","Name in %s"
"Customweb_Subscription::Never","Nie"
"Customweb_Subscription::New Order Status","Neuer Bestellstatus"
"Customweb_Subscription::Next Cycle","Nächster Zyklus"
"Customweb_Subscription::Next Due Date","Nächstes Fälligkeitsdatum"
"Customweb_Subscription::Next Update Execution Date","Nächstes Ausführungsdatum für Updates"
"Customweb_Subscription::No","Nein"
"Customweb_Subscription::No Invoice Settlement","Keine Rechnungsanlegung"
"Customweb_Subscription::No authorization method found for payment method !method.","Es konnte keine Autorisierungsmethode für die Zahlmethode '!method' gefunden werden."
"Customweb_Subscription::No information available.","Keine Informationen verfügbar."
"Customweb_Subscription::No reminders are configured.","Es wurden keine Erinnerungen konfiguriert."
"Customweb_Subscription::No, use the dropdown.","Dropdown-Menü benutzen"
"Customweb_Subscription::None","Keine"
"Customweb_Subscription::Not all products are available in the requested quantity.","Es sind nicht alle Produkte in der gewünschten Menge verfügbar."
"Customweb_Subscription::Not initialized","Nicht initialisiert"
"Customweb_Subscription::Notify Low Stock RSS","RSS Benachrichtigung bei niedrigem Lagerbestand"
"Customweb_Subscription::Number of billing periods that make up one billing cycle.","Anzahl Rechnungsperioden, welche einen Zyklus darstellen."
"Customweb_Subscription::One or more errors occured when processing scheduled jobs.","Bei der Durchführung ist mindestens ein Fehler aufgetreten."
"Customweb_Subscription::Only an authorized transaction can be marked as finally declined.","Nur autorisierte Transaktionen können als endgültig abgelehnt markiert werden."
"Customweb_Subscription::Only an uncertain transaction can be marked as finally declined.","Nur unsichere Transaktionen können als endgültig abgelehnt markiert werden."
"Customweb_Subscription::Only authorized transaction can be cancelled.","Nur autorisierte Transaktionen können storniert werden."
"Customweb_Subscription::Only authorized transaction can be captured.","Nur autorisierte Transaktionen können verbucht werden."
"Customweb_Subscription::Only authorized transaction can be refunded.","Nur autorsierte Transaktionen können gutgeschrieben werden."
"Customweb_Subscription::Only captured transaction can be refunded.","Nur gebuchte Transaktionen können gutgeschrieben werden."
"Customweb_Subscription::Only on captured transaction the flag customer refusing to pay can be set.","Nur bei bereits verbuchten Transaktionen kann ein Flag zur Markierung von Kunden, die nicht bezahlt haben, gesetzt werden."
"Customweb_Subscription::Operation Mode","Betriebsmodus"
"Customweb_Subscription::Order #","Bestellnummer"
"Customweb_Subscription::Order Email Template","E-Mail-Vorlage für Bestellung"
"Customweb_Subscription::Order Prefix","Bestell-Präfix"
"Customweb_Subscription::Order Status","Bestellstatus"
"Customweb_Subscription::Order Total","Bestelltotal"
"Customweb_Subscription::Orders Based on This Subscription","Bestellungen basierend auf diesem Abonnement"
"Customweb_Subscription::Paid","Bezahlt"
"Customweb_Subscription::Pay","Zahlen"
"Customweb_Subscription::Payment Attempts","Zahlungsversuche"
"Customweb_Subscription::Payment ID","Zahlungs-ID"
"Customweb_Subscription::Payment Method","Zahlungsmethode"
"Customweb_Subscription::Payment Methods","Zahlungsmethode"
"Customweb_Subscription::Payment Term","Zahlungsbedingungen"
"Customweb_Subscription::Payment from applicable countries","Zahlung von zutreffenden Ländern"
"Customweb_Subscription::Payment from specific countries","Zahlung von spezifischen Ländern"
"Customweb_Subscription::Payments","Zahlungen"
"Customweb_Subscription::Payments Made","Ausgeführte Zahlungen"
"Customweb_Subscription::Pending","Ausstehend"
"Customweb_Subscription::Pending Email Template","E-Mail Template 'Ausstehende Bestellung'"
"Customweb_Subscription::Period Of Notice","Kündigungsfrist"
"Customweb_Subscription::Period of Notice","Kündigungsfrist"
"Customweb_Subscription::Please check the entered CVC number.","Bitte überprüfen Sie den eingegebenen CVC."
"Customweb_Subscription::Please check the entered credit card number.","Bitte geben Sie eine Kreditkartennummer ein."
"Customweb_Subscription::Please define at least one payment attempt.","Es muss mindestens ein Zahlungsversuch eingegeben werden."
"Customweb_Subscription::Please enter here the Bank Identifier Code (BIC).","Bitte tragen Sie hier einen BIC ein (Bank identifier Code)."
"Customweb_Subscription::Please enter here the CVC code from your card. You find the code on the back of the card.","Bitte geben Sie hier den CVC Ihrer Karte ein. Sie finden diesen auf der Rückseite Ihrer Kreditkarte."
"Customweb_Subscription::Please enter here the International Bank Account Number (IBAN).","Bitte geben Sie die IBAN Ihres Bankkontos ein."
"Customweb_Subscription::Please enter here the account holder name on the card.","Bitte geben Sie den Kontoinhaber an."
"Customweb_Subscription::Please enter here the account holder name.","Bitte tragen Sie hier den Kontoinhaber ein."
"Customweb_Subscription::Please enter here the account number of your bank account.","Bitte geben Sie die IBAN Ihres Bankkontos ein."
"Customweb_Subscription::Please enter here the bank code of your bank.","Bitte geben Sie den Bankcode Ihrer Bank ein."
"Customweb_Subscription::Please enter here the card holder name on the card.","Bitte geben Sie den Karteninhaber auf Ihrer Kreditkarte ein."
"Customweb_Subscription::Please enter here the commercial number of your company.","Sie müssen die Handelsregisternummer Ihrer Firma eingeben"
"Customweb_Subscription::Please enter here the name of the account owner.","Bitte geben Sie den Namen des Kontoinhabers an."
"Customweb_Subscription::Please enter here the number on your card.","Bitte geben Sie hier die Kartennummer Ihrer Kreditkarte ein."
"Customweb_Subscription::Please enter here the sales tax number of your company.","Bitte tragen Sie hier die Steuernummer Ihrer Firma ein."
"Customweb_Subscription::Please enter here your social security number.","Bitte geben Sie hier Ihre Sozialversicherungsnummer ein."
"Customweb_Subscription::Please enter the location of your bank.","Bitte geben Sie den Standort Ihrer Bank ein."
"Customweb_Subscription::Please enter the name of your bank.","Bitte geben Sie hier den Namen Ihrer Bank ein."
"Customweb_Subscription::Please enter your IBAN number.","Bitte geben Sie Ihre IBAN ein."
"Customweb_Subscription::Please enter your issue number, if there is no CVC code on your card.","Bitte geben Sie die Ausgabenummer von Ihrer Karte ein, falls Sie keinen CVC auf Ihrer Karte haben."
"Customweb_Subscription::Please select","-- Bitte wählen --"
"Customweb_Subscription::Please select the Bank Identifier Code (BIC) of your bank.","Wählen Sie einen BIC (Bank Identifier Code) Ihrer Bank."
"Customweb_Subscription::Please select the day of your birth.","Bitte wählen Sie den Tag Ihrer Geburt aus."
"Customweb_Subscription::Please select the expiry month on your card.","Bitte wählen Sie den Monat des Ablaufdatums auf Ihrer Kreditkarte aus."
"Customweb_Subscription::Please select the expiry year on your card.","Bitte geben Sie das Ablaufdatum der Karte ein."
"Customweb_Subscription::Please select the month of your birth.","Bitte wählen Sie den Monat Ihrer Geburt aus."
"Customweb_Subscription::Please select the the year of your birth.","Bitte wählen Sie das Jahr Ihrer Geburt aus."
"Customweb_Subscription::Price","Preis"
"Customweb_Subscription::Product","Produkt"
"Customweb_Subscription::Product Filter","Produkt-Filter"
"Customweb_Subscription::Product Name","Produktname"
"Customweb_Subscription::Purchased From (Store)","Gekauft bei (Store)"
"Customweb_Subscription::Purchased Item","Gekaufter Artikel"
"Customweb_Subscription::Purchased Items","Gekaufte Artikel"
"Customweb_Subscription::Purchased On","Gekauft am"
"Customweb_Subscription::Qty","Anzahl"
"Customweb_Subscription::Recurring Guest Order Email Template","Wiederkehrende Gast Emailbestellungsvorlage"
"Customweb_Subscription::Recurring Order Email Template","Wiederkehrende Bestellungs Emailvorlage"
"Customweb_Subscription::Reference Id","Referenz ID"
"Customweb_Subscription::Refund Amount","Rückerstattungsbetrag"
"Customweb_Subscription::Refund ID","Rückvergütungs ID"
"Customweb_Subscription::Refund amount","Rückerstattungsbetrag"
"Customweb_Subscription::Refund status","Gutschriftsstatus"
"Customweb_Subscription::Refunded Amount","Rückerstattungsbetrag"
"Customweb_Subscription::Related Orders","Verbundene Bestellungen"
"Customweb_Subscription::Release Date","Erscheinungsdatum"
"Customweb_Subscription::Reminder Emails","Mahnungsemails"
"Customweb_Subscription::Repeats %s time(s) after cancelation request.","Wiederholt sich %s Mal(e) nach der Kündigungs-Anfrage."
"Customweb_Subscription::Repeats %s time(s).","Wiederholt sich %s Mal(e)."
"Customweb_Subscription::Repeats until canceled.","Wiederholungen bis Kündigung."
"Customweb_Subscription::Rounding Adjustment","Rundungskorrekturen"
"Customweb_Subscription::Row Total","Zeilensumme"
"Customweb_Subscription::Run Test Cron","Test-Cron aktiveren"
"Customweb_Subscription::SEPA Mandate ID","SEPA Mandats ID"
"Customweb_Subscription::SKU","SKU"
"Customweb_Subscription::Sales","Verkäufe"
"Customweb_Subscription::Sales Tax Number","Steuer Nummer"
"Customweb_Subscription::Save","Speichern"
"Customweb_Subscription::Saved cards:","Gespeicherte Karten:"
"Customweb_Subscription::Schedule","Plan"
"Customweb_Subscription::Schedule Information","Plan Informationen"
"Customweb_Subscription::Select Brand","Wählen Sie den Kartentyp aus."
"Customweb_Subscription::Select a subscription plan:","Wählen Sie einen Abo-Plan"
"Customweb_Subscription::Select the authorization method to use for processing this payment method.","Wählen Sie bitte die Autorisierungsmethode für diese Zahlweise."
"Customweb_Subscription::Select the date of your birth.","Wählen Sie Ihr Geburtsdatum."
"Customweb_Subscription::Select the date on which your card expires.","Wählen Sie das Kartenablaufdatum."
"Customweb_Subscription::Select the payment methods that are allowed to be used for subscriptions.","Wählen Sie die Zahlungsmethoden, welche für Abos verwendet werden dürfen."
"Customweb_Subscription::Select the products that cannot be used in subscriptions.","Wählen Sie die Produkte, welche nicht abonniert werden können."
"Customweb_Subscription::Select the unit for the number in the previous field.","Wählen Sie die Einheit für die Nummer im vorherigen Feld aus."
"Customweb_Subscription::Select which email template should be sent as reminder. You can edit the templates yourself under System > Transactional Emails.","Wählen Sie die eMail-Vorlage aus, die sie als Erinnerung benutzen möchten. Sie können die Vorlagen ausserdem selbst unter System -Transaction Emails bearbeiten."
"Customweb_Subscription::Send Invoice Email","Rechnungs-E-Mail senden"
"Customweb_Subscription::Set the checkbox text of the subscription agreement box in the checkout review.","Setzen Sie den Text der Checkbox der Abo-Einwilligung in der Bestellübersicht."
"Customweb_Subscription::Set the sort order to show the external checkouts.","Legen Sie die Reihenfolge fest, in der externe Checkouts angezeigt werden sollen."
"Customweb_Subscription::Set the text of the subscription agreement box in the checkout review.","Setzen Sie den Text der Abo-Einwilligung in der Bestellübersicht."
"Customweb_Subscription::Set the title of the subscription agreement box in the checkout review.","Setzen Sie den Text der Abo-Einwilligung in der Bestellübersicht."
"Customweb_Subscription::Set to no, if the subscription should keep running even when a payment is pending.","Geben Sie hier nein an, wenn das Abo weiterlaufen soll, auch wenn eine Zahlung noch ausstehend ist."
"Customweb_Subscription::Set to yes, if price of a recurring payment should be recalculated - the products' current price is used and price rules are applied.","Auf Ja setzen, um den Preis bei einer wiederholten Zahlung neu zu berechnen - der aktuelle Preis des Produkts wird verwendet und Preisregeln werden angewendet."
"Customweb_Subscription::Set to yes, if the invoice email should be sent automatically after settlement.","Setzen Sie diese Option auf Ja, um automatisch die Rechnungs-E-Mail zu versenden nach dem Anlegen der Bestellung."
"Customweb_Subscription::Settlement after Order","Zahlung nach der Bestellung"
"Customweb_Subscription::Settlement after order","Erstellung nach der Bestellung"
"Customweb_Subscription::Ship to Name","An Namen liefern"
"Customweb_Subscription::Shipping","Versand"
"Customweb_Subscription::Shipping Address","Lieferadresse"
"Customweb_Subscription::Shipping Amount","Lieferkosten"
"Customweb_Subscription::Shipping Amount Type","Art des Versandbetrags"
"Customweb_Subscription::Simulate Cron","Cron simulieren"
"Customweb_Subscription::Sku","SKU"
"Customweb_Subscription::Social Security Number","Sozialversicherungsnummer"
"Customweb_Subscription::Sort Order","Sortierreihenfolgen"
"Customweb_Subscription::Start Date","Start-Datum"
"Customweb_Subscription::Started At","Begonnen am"
"Customweb_Subscription::Starting Date","Start-Datum"
"Customweb_Subscription::Status","Status"
"Customweb_Subscription::Store","Store"
"Customweb_Subscription::Subscribe now!","Jetzt anmelden!"
"Customweb_Subscription::Subscriber","Abonnent"
"Customweb_Subscription::Subscription","Abo"
"Customweb_Subscription::Subscription # %s | %s","Abo # %s | %s"
"Customweb_Subscription::Subscription #%s","Abo #%s"
"Customweb_Subscription::Subscription Cancelation Email","Abo-E-Mail Kündigung"
"Customweb_Subscription::Subscription Cancelation Request Email","Abo-E-Mail Kündigungs-Antrag"
"Customweb_Subscription::Subscription End","Abo-Ende"
"Customweb_Subscription::Subscription Failure Email","Abo-E-Mail Fehlschlag"
"Customweb_Subscription::Subscription Guest Order Email","Abo-E-Mail Gast-Bestellung"
"Customweb_Subscription::Subscription Information","Abo-Informationen"
"Customweb_Subscription::Subscription Invoice","Abo Rechnung"
"Customweb_Subscription::Subscription Order Email","Abo-E-Mail Bestellung"
"Customweb_Subscription::Subscription Pending Email","Abo-E-Mail Ausstehend"
"Customweb_Subscription::Subscription Plans","Abo-Pläne"
"Customweb_Subscription::Subscription Prepayment","Abo Vorkasse"
"Customweb_Subscription::Subscription Recurring Guest Order Email","Wiederkehrende Gast Emailbestellung"
"Customweb_Subscription::Subscription Recurring Order Email","Wiederkehrende Abonnement-Bestellungsmail"
"Customweb_Subscription::Subscription Reminder Email","Email bei Abonnements-Erinnerung"
"Customweb_Subscription::Subscription Update Email","Email zur Aboerneuerung"
"Customweb_Subscription::Subscription View","Abo-Übersicht"
"Customweb_Subscription::Subscriptions can be purchased standalone only. To proceed please remove other items from the quote.","Abo-Produkte können nicht in Kombination mit anderen Produkten gekauft werden. Bitte entfernen Sie alle anderen Produkte aus dem Warenkorb."
"Customweb_Subscription::Subscriptions:","Abos:"
"Customweb_Subscription::Subtotal","Zwischensumme"
"Customweb_Subscription::Success","Erfolgreich"
"Customweb_Subscription::Successful","Erfolgreich"
"Customweb_Subscription::Support","Support"
"Customweb_Subscription::Suspend","Unterbrechen"
"Customweb_Subscription::Suspend on Pending Payment","Ausstehende Zahlung anhalten"
"Customweb_Subscription::Suspended","Unterbrochen"
"Customweb_Subscription::Tax","MwSt."
"Customweb_Subscription::Tax Amount","Steuerbetrag"
"Customweb_Subscription::Test Mode","Test Modus"
"Customweb_Subscription::Test Transaction","Testtransaktion"
"Customweb_Subscription::The Cancelation Email Template will be sent to inform the customer after has canceled a subscription.","Diese E-Mail-Vorlage wird an den Kunden gesendet, nachdem er ein Abos gekündigt hat."
"Customweb_Subscription::The Cancelation Request Email Template will be sent to inform the customer after has requested the cancelation of a subscription.","Diese E-Mail-Vorlage wird an den Kunden gesendet, nachdem er die Kündigung eines Abos beantragt hat."
"Customweb_Subscription::The Failure Email Template will be sent to inform the customer after the payment has failed at due date. The subscription will be on hold and can only be reactivated in the backend.","Diese E-Mail-Vorlage wird dem Kunden gesendet, nachdem eine Zahlung fehlgeschlagen ist am Fälligkeitsdatum. Das Abo wird zurückgestellt und kann nur im Backend reaktiviert werden."
"Customweb_Subscription::The Guest Order Email Template will replace the default email template that is sent to the guest customer after placing an order. It will include information about the subscription.","Diese E-Mail-Vorlage ersetzt die Standard-Email-Vorlage, welche nach dem Bestellen versendet wird. So werden Informationen zum Abo eingebunden."
"Customweb_Subscription::The HMAC key as defined in the live backoffice of ____paymentServiceProviderName____. You may need generate the HMAC key. Please take a look at the manual how to do this.","Der HMAC Key ist im Live Backoffice von ____paymentServiceProviderName____ angegeben. Eventuell müssen Sie den HMAC Key noch generieren. Eine Anleitung dazu finden Sie im Manual."
"Customweb_Subscription::The Order Email Template will replace the default email template that is sent to the customer after placing an order. It will include information about the subscription.","Diese E-Mail-Vorlage ersetzt die Standard-Email-Vorlage, welche nach dem Bestellen versendet wird. So werden Informationen zum Abo eingebunden."
"Customweb_Subscription::The Pending Email will be sent to notify a customer that his payment is due. The template contains a payment link that allows your customer to pay for the next cycle. You can edit the templates yourself under System > Transactional Emails.","Das E-Mail Template 'Ausstehend' wird dem Kunden geschickt um ihn daran zu erinnern, dass eine Zahlung fällig ist. Das Template beinhaltet einen Zahlungslink, welcher es dem Kunden erlaubt den nächsten Zyklus zu bezahlen. Sie können das Template unter System > Transaktionsemails anpassen."
"Customweb_Subscription::The Recurring Guest Order Email Template will replace the default email template that is sent to the guest customer after a recurring order is created. It will include information about the subscription.","Die Standard E-Mail Vorlage, welche an den Gast Kunden gesendet wird nachdem eine wiederkehrende Bestellung erstellt wurde, wird durch die wiederkehrende Gast Bestellungs E-Mail Vorlage ersetzt.
Das Email wird auch Informationen über das Abonnement beinhalten."
"Customweb_Subscription::The Recurring Order Email Template will replace the default email template that is sent to the customer after a recurring order is created. It will include information about the subscription.","Die Standard Email-Vorlage, welche and den Kunden gesendet wird nachdem eine wiederkehrende Bestellung erstellt wird, wird durch die wiederkehrende Bestellungs Email-Vorlage ersetzt.
Es wird auch Informationen über das Abonnement beinhalten."
"Customweb_Subscription::The SEPA mandate schema does not contain the tag '!tag'. This tag is required.","Das SEPA Mandat Scheme enthält leider nich die Bezeichnung '!tag'. Diese Bezeichnung ist aber Pflicht."
"Customweb_Subscription::The Update Email Template will be sent whenever the payment authorization fails due to various reasons. It tells the customer to update his payment information by clicking on the provided payment link.","Das E-Mail Template 'Aktualisieren' wird in jedem Fall geschickt, in welchem die Autorisierung aus unterschiedlichen Gründen fehlgeschlagen ist. Es informiert den Kunden, dass er seine Zahlungsinformationen aktualisieren muss indem er auf den gegebenen Link klickt."
"Customweb_Subscription::The alias transaction could not be conductet with error code: !code, and reason: !reason:","Die Alias Transaktion konnte nicht durchgeführt werden. Fehlermeldung: !code und Grund: !reason."
"Customweb_Subscription::The amount could not be verified.","Der Betrag konnte nicht verifiziert werden."
"Customweb_Subscription::The amount of !amount is authorized.","Der Betrag von '!amount' wurde autorisiert."
"Customweb_Subscription::The amount of !amount is captured.","Der Betrag von !amount ist verbucht."
"Customweb_Subscription::The authorization method '!method' is not supported.","Die Autorisierungsmethode '!method' ist nicht unterstützt."
"Customweb_Subscription::The authorization was not successful","Autorisierungsfehler. Die Autorisierung war nicht erfolgreich."
"Customweb_Subscription::The brand of the credit card is detected by the card number if hidden authorization is used. If the payment page is used, the user has to select the brand. The allowed credit card brands can be restricted by this setting.","Der Kreditkartenanbieter wird anhand der Kartennummer falls Hidden Authorization benutzt wird. Wird die Zahlungsseite (Payment Page) benutzt, muss der Nutzer den Anbieter manuell auswählen. Über diese Einstellung können auch die akzeptierten Kreditkartenanbieter eingeschränkt werden."
"Customweb_Subscription::The brand with external name '!key' was not present in the map.","Der Kreditkartenbrand mit dem Namen '!key' konnte nicht zugeordnet werden."
"Customweb_Subscription::The brand with key '!key' was not found in the card information map.","Der Kreditkarten Brand mit dem '!key' wurde nicht gefunden in der Karteninformationsmap."
"Customweb_Subscription::The cancelation request has been received.","Die Kündigungs-Anfrage wurde erhalten."
"Customweb_Subscription::The cancellation could not be conducted. Error code: !error.","Die Stornierung konnte nicht durchgeführt werden. Fehlercode: !error."
"Customweb_Subscription::The capture amount (!captureAmount) cannot be greater than the authorized amount (!authorizedAmount).","Der Verbuchungsbetrag von '!captureAmount' kann nicht grösser sein als der autorisierte Betrag von '!authorizedAmount'."
"Customweb_Subscription::The capture item with SKU '@sku' has a higher amount (@amountItem) as the original item (@amountOriginal).","Der verbuchte Artikel mit der Bestandseinheit @sku hat einen höheren Wert (@amountItem) als der ursprüngliche Artikel (@amountOriginal)."
"Customweb_Subscription::The capture item with SKU '@sku' is not present in the original order.","Der verbuchte Artikel mit der Bestandseinheit @sku ist in der ursprünglichen Bestellung nicht vorhanden."
"Customweb_Subscription::The capturing could not be conducted. Error code: !error.","Die Verbuchung konnte nicht durchgeführt werden. Fehlercode: !error."
"Customweb_Subscription::The card brand selection is automatically done depending on the entered card number. If no Javascript is active in the browser, a drop down is shown. In case JavaScript a the brand logos can be shown. Should the brand selection using images?","Die Auswahl des Kartenanbieters wird abhängig von der eingegebenen Kartennummer automatisch durchgeführt. Falls JavaScript im Browser nicht aktiviert ist, wird ein Dropdown-Menü angezeigt. Ist JavaScript aktiv, können die Logos der Anbieter gezeigt werden, sofern die Image Brand Selection aktiviert ist."
"Customweb_Subscription::The controller class '@controller' does not provide any method with annotation 'Customweb_Payment_Endpoint_Annotation_ExtractionMethod' and valid output.","Die Controller Class '@controller' bietet keine Methode mit der Beschriftung 'Customweb_Payment_Endpoint_Annotation_ExtractionMethod' und gültigem Output."
"Customweb_Subscription::The customer does not finish the payment with in the timeout.","Der Kunde hat die Zahlung nicht innerhalb des Timeouts abgeschlossen."
"Customweb_Subscription::The given CVC code has the wrong length.","Der angegebene CVC Code hat eine ungültige Länge."
"Customweb_Subscription::The given card number has an invalid check sum.","Die angegebene Kartennummer hat eine ungültige Check Summe."
"Customweb_Subscription::The given card number has an invalid length.","Die angegebene Kartennummer hat eine ungültige Länge."
"Customweb_Subscription::The given hmac key is empty.","Der HMAC Key ist ungültig."
"Customweb_Subscription::The given identifier is empty.","Der Identifier ist ungültig."
"Customweb_Subscription::The given password is empty.","Das Passwort ist ungültig."
"Customweb_Subscription::The given rang is empty. It must be a nummeric value with length of two.","Der gegebene Rang ist leer. Er muss eine zweistellige Nummer sein."
"Customweb_Subscription::The given rang is invalid. It must be a nummeric value with length of two.","Der gegebene Rang ist ungültig. Er muss eine zweistellige Nummer sein."
"Customweb_Subscription::The given site number is empty.","Es wurde keine Seitenzahl angegeben."
"Customweb_Subscription::The identifier as defined in the backoffice of ____paymentServiceProviderName____.","Der Identifier, wie er im ____paymentServiceProviderName____ Backoffice angegeben ist."
"Customweb_Subscription::The layout does not contain the tag '!layout_tag'.","Das Layout enhält nicht den Tag '!layout_tag'."
"Customweb_Subscription::The link is invalid or outdated.","Dieser Link ist ungültig oder veraltet"
"Customweb_Subscription::The next update execution date indicates when the next cron is run to update the transaction state.","Das nächste Ausführungsdatum für upades zeigt Ihnen an, wann der nächste cron für das Update des Transaktionsstatus läuft."
"Customweb_Subscription::The number of billing cycles the subscription will keep running after the cancelation is requested.","Anzahl Rechnungszyklen für welche das Abo weiterläuft nachdem die Kündigung angefragt wurde."
"Customweb_Subscription::The order has been captured.","Die Bestellung wurde erfasst."
"Customweb_Subscription::The order is not fully completed. Please contact the store owner.","Die Zahlung konnte nicht durchgeführt werden."
"Customweb_Subscription::The parameters ""3DSIGNVAL"" was false.","Der Parameter  ""3DSIGNVAL"" ist ungültig."
"Customweb_Subscription::The payment has been accepted.","Die Zahlung wurde akzeptiert"
"Customweb_Subscription::The payment has failed.","Die Zahlung ist fehlgeschlagen."
"Customweb_Subscription::The payment method !paymentMethodName does not support the currency '!currency'.","Die Zahlweise '!paymentMethodName' unterstützt die Währung '!currency' nicht."
"Customweb_Subscription::The payment method !paymentMethodName is not available in your country ('!country').","Die Zahlungsmethode '!paymentMethodName' ist in Ihrem Land ('!country') nicht verfügbar."
"Customweb_Subscription::The provided signature does not match with the one calculated.","Die eingegeben Signatur stimmt nicht mit der berechneten Signatur überein."
"Customweb_Subscription::The rang (PBX_RANG) as defined in the live backoffice of ____paymentServiceProviderName____. It must be nummeric value with length two. In the backoffice it may be displayed as a three char value. You must truncate the first digit.","Der Rang (PBX_RANG), wie er im Live Backoffice von ____paymentServiceProviderName_____ angegeben ist. Er muss eine zweistellige Nummer sein. Im Backoffice wird er eventuell als dreistelliger Wert angezeigt. Sie müssen die erste Ziffer streichen."
"Customweb_Subscription::The refund item with SKU '@sku' has a higher amount (@amountItem) as the original item (@amountOriginal).","Der zurückerstattete Artikel mit der Bestandseinheit @sku hat einen höheren Betrag (@amountItem) als der ursprüngliche Artikel (@amountOriginal)."
"Customweb_Subscription::The refund item with SKU '@sku' is not present in the original order.","Der zurückerstattete Artikel mit der Bestandseinheit @sku ist in der ursprünglichen Bestellung nicht enthalten."
"Customweb_Subscription::The refunding could not be conducted. Error code: !error.","Die Rückerstattung konnte nicht durchgeführt werden. Fehlercode: !error."
"Customweb_Subscription::The signature could not be verified.","Die Signatur konnte nicht verifiziert werden."
"Customweb_Subscription::The site id (PBX_RANG) as defined in the backoffice of ____paymentServiceProviderName____.","Die Site ID (PBX_RANG) wie Sie im Backoffice von ____paymentServiceProviderName____ angegeben ist."
"Customweb_Subscription::The subscription cannot be authorized.","Das Abo kann nicht autorisiert werden."
"Customweb_Subscription::The subscription has been canceled.","Das Abo wurde gekündigt."
"Customweb_Subscription::The subscription plan was removed.","Der Abo-Plan wurde entfernt."
"Customweb_Subscription::The subscription status has been updated.","Der Abo-Status wurde aktualisiert."
"Customweb_Subscription::The subscriptions ends automatically after the above entered number of billing cycles.","Die Subscription endet automatisch nach der oben eingegebenen Anzahl Rechnungszyklen"
"Customweb_Subscription::The subscriptions have been deleted.","Das Abo wurde gelöscht."
"Customweb_Subscription::The subscriptions' statuses have been updated.","Der Status der Abos wurde akualisiert."
"Customweb_Subscription::The test cron runs every minute, always increasing the date by one day.","Der Test-Cron wird jede Minute ausgeführt und erhöht das Datum jedes Mal um einen Tag."
"Customweb_Subscription::The total refund amount (!totalRefundedAmount) cannot be greater than the captured amount (!capturedAmount).","Der Totale gutzuschreibende Betrag von '!totalRefundedAmount' kann nicht grösser sein als der verbuchte Betrag von '!capturedAmount'."
"Customweb_Subscription::The transaction failed with error code !code.","Die Transaktion ist fehlgeschlagen. Fehlermeldung: !code"
"Customweb_Subscription::The transaction is only executed in the test system. The goods should not be delivered.","Die Transaktion wird nur im Testsystem durchgeführt. Die Waren sollen nicht geliefert werden."
"Customweb_Subscription::The whole transaction is cancelled.","Die gesamte Transaktion wurde storniert."
"Customweb_Subscription::There are %s failed subscriptions.","Es hat %s fehlgeschlagene Abos."
"Customweb_Subscription::There are no applicable payment methods.","Es gibt keine verfügbaren Zahlungsarten."
"Customweb_Subscription::There are no orders yet.","Es gibt noch keine Bestellungen."
"Customweb_Subscription::There are no subscription cart plans.","Es gibt keine Warenkorb-Abonnements."
"Customweb_Subscription::There are no subscription plans.","Es gibt keine Abo-Pläne"
"Customweb_Subscription::There are no subscriptions yet.","Es gibt noch keine Abonnements."
"Customweb_Subscription::There are outdated subscriptions. Please update immediately.","Einige Abos sind nicht mehr gültig. Bitte aktualisieren Sie diese so schnell wie möglich."
"Customweb_Subscription::There is a failed subscription.","Es gibt ein fehlgeschlagenes Abo."
"Customweb_Subscription::This password is used for recurring payments and for the alias manager as well as for the server authorization. This is the password of the ____paymentServiceProviderName____ account.","Dieses Passwort wird für wiederkehrende Zahlungen sowie für den Alias Manager und die Service Autorisierung benutzt. Dies ist das Passwort für den ____paymentServiceProviderName____ Account."
"Customweb_Subscription::This setting can be used to activate resp. deactivate the 3D secure check. Please check with PayBox if you are allowed to deactivate the 3D secure check. This setting has only an effect when you use the payment page.","Anhand dieser Einstellung können Sie die 3D Secure Überprüfung aktivieren bzw. deaktivieren. Bitte fragen Sie bei Paybox an, ob sie 3D Secure deaktivieren dürfen. Diese Einstellung ist nur relevant, wenn Sie Payment Page benutzen."
"Customweb_Subscription::This status is set, when the payment was successfull and it is authorized.","Dieser Status wird vergeben, wenn eine Zahlung erfolgreich war und autorisiert wurde."
"Customweb_Subscription::This subscription no longer exists.","Dieses Abo gibt es nicht mehr."
"Customweb_Subscription::This subscription status cannot be changed from <em>%s</em> to <em>%s</em>.","Dieser Abo-Status kann nicht von <em>%s</em> auf <em>%s</em> geändert werden."
"Customweb_Subscription::This transaction is already closed for further captures.","Diese Transaktion ist bereits geschlossen und es können keine weiteren Buchungen vorgenommen werden."
"Customweb_Subscription::This transaction is already closed for further refunds.","Diese Transaktion wurde für weitere Gutschriften bereits geschlossen."
"Customweb_Subscription::Time Before Due Date","Zeit bis zum Fälligkeitsdatum"
"Customweb_Subscription::Time Unit","Zeiteinheit"
"Customweb_Subscription::Titel","Titel"
"Customweb_Subscription::Title of the payment method","Name der Zahlungsmethode"
"Customweb_Subscription::Total","Total"
"Customweb_Subscription::Total Recurring Amount","Totaler wiederkehrender Betrag"
"Customweb_Subscription::Transaction Authorized","Transaktion autorisiert"
"Customweb_Subscription::Transaction Cancelled","Transaktion storniert"
"Customweb_Subscription::Transaction Captured","Transaktion verbucht"
"Customweb_Subscription::Transaction Paid","Transaktion bezahlt"
"Customweb_Subscription::Transaction Uncertain","Transaktion ist unsicher"
"Customweb_Subscription::Transaction Updates","Transaktionsupdates"
"Customweb_Subscription::Type","Typ"
"Customweb_Subscription::Uncertain Status","Unsicherer Status"
"Customweb_Subscription::Unit for billing during the subscription period.","Einheit für die Rechnungsstellung während der Abo-Periode."
"Customweb_Subscription::Update","Update"
"Customweb_Subscription::Update Attributes","Attribute aktualisieren"
"Customweb_Subscription::Update Email Template","E-mail Template 'Aktualisieren'"
"Customweb_Subscription::Use Default","Standardeinstellungen benutzen"
"Customweb_Subscription::VISA","VISA"
"Customweb_Subscription::Version","Version"
"Customweb_Subscription::View","Anzeigen"
"Customweb_Subscription::View list","Liste anzeigen"
"Customweb_Subscription::Visibility","Sichtbarkeit"
"Customweb_Subscription::Websites","Websites"
"Customweb_Subscription::Week","Woche"
"Customweb_Subscription::When the store is not available (network outage, server failure or any other outage), when the feedback of ____paymentServiceProviderName____ is sent, then the transaction state is not updated. Hence no order confirmation e-mail is sent and the order is not in the paid state. By activating the transaction update, such transactions can be authorized later over direct link. To use this feature the update service must be activated and the API username and the API password must be set.","Wenn der Shop nicht erreichbar ist (Netzwerk- Serverausfall o.ä.) während das Feedback von  ____paymentServiceProviderName____ gesendet wird, wird der Transaktionsstatus nicht aktualisiert. Daher wird keine Bestätigungsmail für die Bestellung verwand und die Bestellung hat noch nicht den Status ""bezahlt"". Indem Sie Transaktionsupdates aktivieren, können solche Transaktionen über einen direkten Link aktualisiert werden. Um diesen Service zu nutzen, muss der Update Service aktiviert sein und der API Nutzername sowie das Passwort müssen festgelegt sein."
"Customweb_Subscription::Whether to use a fixed shipping amount or calculate it dynamically.","Möchten Sie einen fixen oder einen dynamisch berechneten Versandkostenbetrag?"
"Customweb_Subscription::Would you like to allow customers to create a subscription of their whole cart?","Möchten Sie den Kunden die Möglichkeit geben, den ganzen Warenkorb zu abonnieren?"
"Customweb_Subscription::Would you like to purchase this cart as a subscription?","Möchten Sie diesen Warenkorb als Abo kaufen?"
"Customweb_Subscription::Year","Jahr"
"Customweb_Subscription::Yes","Ja"
"Customweb_Subscription::Yes, use images for the brand selection.","Logos für die Auswahl des Kartenanbieters benutzen."
"Customweb_Subscription::You can specify the order status for new orders that have an uncertain authorisation status.","Sie können den Status von Bestellungen mit unsicherem Autorisationsstatus definieren."
"Customweb_Subscription::You can specify the order status for orders that are captured either directly after the order or manually in the backend.","Sie können den Status von Bestellungen definieren, die entwerder direkt anch der Bestellung oder manuell im Backend verbucht werden."
"Customweb_Subscription::You can specify the order status when an order is cancelled.","Sie können den Status von abgebrochenen Bestellungen definieren."
"Customweb_Subscription::You cannot access this subscription.","Sie können nicht auf dieses Abo zugreifen."
"Customweb_Subscription::You do not define any plan for this subscription.","Sie definieren für dieses Abonnement keinen Plan."
"Customweb_Subscription::You have to enter a card number.","Sie müssen eine Kartennummer eingeben"
"Customweb_Subscription::You have to enter bank code of your bank.","Sie müssen den Bankcode Ihrer Bank eingeben"
"Customweb_Subscription::You have to enter commercial number of you company.","Sie müssen die Handelsregisternummer Ihrer Firma eingeben"
"Customweb_Subscription::You have to enter either the CVC code or the issue number of your card.","Bitte geben Sie entweder den CVC oder die Ausgabenummer Ihrer Karte ein."
"Customweb_Subscription::You have to enter sales tax number of you company.","Bitte tragen Sie hier die Steuernummer Ihrer Firma ein."
"Customweb_Subscription::You have to enter sales tax number of your company.","Bitte geben Sie die Umsatzsteuer-Identifikationsnummer ein."
"Customweb_Subscription::You have to enter the BIC.","Sie müssen die BIC eingeben."
"Customweb_Subscription::You have to enter the CVC code from your card.","Sie müssen den CVC Ihrer Karte eingeben."
"Customweb_Subscription::You have to enter the IBAN.","Sie müssen die IBAN Ihres Bankkontos eingeben"
"Customweb_Subscription::You have to enter the account holder name on the card.","Sie müssen den Kontoinhaber angeben."
"Customweb_Subscription::You have to enter the account holder name.","Bitte geben Sie den Kontoinhaber an."
"Customweb_Subscription::You have to enter the card holder name on the card.","Bitte geben Sie den Namen des Karteninhabers ein"
"Customweb_Subscription::You have to enter the location of your bank.","Bitte geben Sie den Standort Ihrer Bank ein."
"Customweb_Subscription::You have to enter the name of the account owner.","Bitte geben Sie den Namen des Kontoinhabers an."
"Customweb_Subscription::You have to enter the name of your bank.","Sie müssen den Namen Ihrer Bank eingeben."
"Customweb_Subscription::You have to enter your IBAN Number.","Sie müssen die IBAN Ihres Bankkontos eingeben"
"Customweb_Subscription::You have to enter your bank account number.","Bitte geben Sie die IBAN Ihres Bankkontos ein."
"Customweb_Subscription::You have to enter your social security number.","Bitte geben Sie hier Ihre Sozialversicherungsnummer ein."
"Customweb_Subscription::You may choose one of the cards you paid before on this site.","Sie können aus einer der bereits gespeicherten Karten auswählen."
"Customweb_Subscription::You selected this subscription plan:","Sie haben diesen Abo-Plan gewählt:"
"Customweb_Subscription::You subscribed to the plan <em>%s</em>.","Sie haben sich für den Plan <em>%s</em> angemeldet."
"Customweb_Subscription::Your browser does not allow the execution of JavaScript. Please activate JavaScript in your browser and reload this page.","Ihr Browser hat keine JavaScript Unterstützung. Bitte aktivieren Sie JavaScript oder wechseln Sie den Browser."
"Customweb_Subscription::customweb ltd","customweb GmbH"
"Customweb_Subscription::no","Nein"
"Customweb_Subscription::yes","Ja"
